{"_sessions":{"BUo2ihzA0gTFZPP5p8ZZk0Py6Vf5reRGnY8gZ3jmrAVA":{"registrationId":591037891,"currentRatchet":{"ephemeralKeyPair":{"pubKey":"BRUSFsAMHQuCE/xFqUlXDNUxwlKcLK1YwM5eC5liBOl+","privKey":"EA8n6rBmtxn9U1Y7267yGUSBk31uSz5ZXhI3BNBmpGQ="},"lastRemoteEphemeralKey":"BfP3WCFG68Epfoad9dc3D7VgprxUns4BnyrIa8jZP65q","previousCounter":0,"rootKey":"ystOQERovDZOrMwG2ffnitGNATCLsgWpuYLogIZFVtc="},"indexInfo":{"baseKey":"BUo2ihzA0gTFZPP5p8ZZk0Py6Vf5reRGnY8gZ3jmrAVA","baseKeyType":2,"closed":-1,"used":1728970089054,"created":1728964407112,"remoteIdentityKey":"BaUHZpnOHXz7IXxDwe2zzYSpc74WprBCwsc8gaQAP4h0"},"_chains":{"BZ0MFu83W7G/NYPkPVqiQvVnkFeGON2x5wW6yKDktgxi":{"chainKey":{"counter":1},"chainType":2,"messageKeys":{}},"BQ2o6FSGcmXYFV5+cEAXLGfrzHnxK58oT2IS/amWRpJB":{"chainKey":{"counter":1},"chainType":2,"messageKeys":{}},"BW07AV7c3zwOqCi0c9xzELkgpqbRYeUo/MqGNlOIUeUu":{"chainKey":{"counter":4},"chainType":2,"messageKeys":{}},"BTzICaVgQO/13iuIQNt7wg+a6vBph5yxn8BF4VGun353":{"chainKey":{"counter":0},"chainType":2,"messageKeys":{}},"BWj4neWUNORRq7if1rns/KR6xPihPEmDY3EIN5fcbG8U":{"chainKey":{"counter":0},"chainType":2,"messageKeys":{}},"BZNLkObz4jw4EL/DiclNF/h6vGrZy1kDX/ueqd7HiCh/":{"chainKey":{"counter":0},"chainType":2,"messageKeys":{}},"BXsvzLVBCcw/TRvBcPpUZ7RzgKPplM4BkNPLHtgF1ydr":{"chainKey":{"counter":0},"chainType":2,"messageKeys":{}},"BQCqWiNURfHyKMrL8UFZpOs28BXrnPwg1VwQl++WI1dV":{"chainKey":{"counter":0},"chainType":2,"messageKeys":{}},"BUfA/Q8OK/+XsOF7K9PTDB4ke1zEO1a2UPhxnF6jFQAP":{"chainKey":{"counter":1},"chainType":2,"messageKeys":{}},"BbGIaompB70FWYfkwTJmBOlOTX11O45QXhwyjV/6idZl":{"chainKey":{"counter":4},"chainType":2,"messageKeys":{}},"BUs5hN3jJIPQL+UiVvRzInkBDaqKuNhamfAkszOZqXQv":{"chainKey":{"counter":0},"chainType":2,"messageKeys":{}},"BXLCWwBUN0xKYT3/MJeXvYpTo6crInUKoWXw0iO3fc5u":{"chainKey":{"counter":0},"chainType":2,"messageKeys":{}},"BfiZARHHDCIyeYfiLjmHtzUwegnk7Vi9gXLsAunWRQsD":{"chainKey":{"counter":0},"chainType":2,"messageKeys":{}},"BVca6MKmfBvd/jFfq2rIkFG/fuGW4RzwcNR9NjkRES0w":{"chainKey":{"counter":1},"chainType":2,"messageKeys":{}},"Bddo9OdtK0K0yILrGUJNlBFA/d7FiBDa/VU6XQaSW2s7":{"chainKey":{"counter":1},"chainType":2,"messageKeys":{}},"BZPfr3MqVovB8efNqh82zMzvQjRYAqfZdaLWgtgF151g":{"chainKey":{"counter":4},"chainType":2,"messageKeys":{}},"BbSS/E298ldqPphxE1KvMe8hSaQr6ZIsC+B20iiItmhm":{"chainKey":{"counter":0},"chainType":2,"messageKeys":{}},"BQpPXLJHC8qBiYbxtc2YcMUwC6y/4mtdZz2jPNFRDAoi":{"chainKey":{"counter":0},"chainType":2,"messageKeys":{}},"BfLQc9kw/TAz2tfI/FNL+FHfQ3waTtUD4IVn6F1gmUN0":{"chainKey":{"counter":0},"chainType":2,"messageKeys":{}},"BeKVr9nZJ8icmLNm8eR2779FVsaotcfcXvqQIOvSBj0l":{"chainKey":{"counter":0},"chainType":2,"messageKeys":{}},"BSz/OZfaQrBJvb1DPzKeaLHW0RjYpWVQkUlbrumycR4y":{"chainKey":{"counter":0},"chainType":2,"messageKeys":{}},"BfqTlGI1g9DJqErq8NZVdl5sPb9brJFh+TOWP0aX+Vkx":{"chainKey":{"counter":0},"chainType":2,"messageKeys":{}},"Bewi5Aulo+CGCVjYHunpHXzts4Ea60CKStof7u6qNpR1":{"chainKey":{"counter":0},"chainType":2,"messageKeys":{}},"BVSshlAGSRBzjt99BbjuNomo8cacrxBTrvHFFlPFdNhM":{"chainKey":{"counter":0},"chainType":2,"messageKeys":{}},"BdGrJTfbrAaQYXDlU5//boPxUj22O9sbVnGlUeF66Mw0":{"chainKey":{"counter":1},"chainType":2,"messageKeys":{}},"BdWwpsb1AJJbeq6mmNUmdVhV2w6TuNbxQOD76Q3/Jqx1":{"chainKey":{"counter":0},"chainType":2,"messageKeys":{}},"BWgE8hke6taNy58dTkzGW77JuTGd2h2u1hwmuAV4N31X":{"chainKey":{"counter":0},"chainType":2,"messageKeys":{}},"Bf+VLCScVRoWn6/cQAxKyFDh7yDNEGN5da3sFhxroZ44":{"chainKey":{"counter":0},"chainType":2,"messageKeys":{}},"BfP3WCFG68Epfoad9dc3D7VgprxUns4BnyrIa8jZP65q":{"chainKey":{"counter":0,"key":"X5WBY2qXYKb829MeIwN8FfO32jLOX/L1O/Hj9sp767s="},"chainType":2,"messageKeys":{}},"BRUSFsAMHQuCE/xFqUlXDNUxwlKcLK1YwM5eC5liBOl+":{"chainKey":{"counter":0,"key":"/sj55qt66Qu/m+fCLwMVm4esPbwqUaKsoUKJJ3dgecA="},"chainType":1,"messageKeys":{}}}}},"version":"v1"}