{"_sessions":{"BZ7McGnxlpL31+H1PtkZi6f42WDGV8JHGMhPrHyEBm0z":{"registrationId":2067941090,"currentRatchet":{"ephemeralKeyPair":{"pubKey":"BYfy+GR1QNmikVgQ6eGpcD8niUQJTbAOckRA68wjOIlK","privKey":"iFEko3wfkE3wbhDU7zCxOvAbJaEVCwFQYvqU/F7/4UU="},"lastRemoteEphemeralKey":"BeeXzWZoVv8+X0eZSsndRr8dXddbjplJth92hByDReFv","previousCounter":27,"rootKey":"rleNxvJPnDDoct+PlCZo6AapApfIyixi0sjtjanIWVM="},"indexInfo":{"baseKey":"BZ7McGnxlpL31+H1PtkZi6f42WDGV8JHGMhPrHyEBm0z","baseKeyType":1,"closed":-1,"used":1728969929357,"created":1728964465491,"remoteIdentityKey":"Bd3GCWrq5Zxt/hKb8LnRR30iMN/eIAEf3djlfqkJxyxY"},"_chains":{"BeeXzWZoVv8+X0eZSsndRr8dXddbjplJth92hByDReFv":{"chainKey":{"counter":1,"key":"sfLRV299lb+1n94L9G9Bibquxi6hOiyLaTKNSmmVvcw="},"chainType":2,"messageKeys":{}},"BYfy+GR1QNmikVgQ6eGpcD8niUQJTbAOckRA68wjOIlK":{"chainKey":{"counter":25,"key":"y8ROJhYsT6EYtnyC2jRvRdVMGq2gFVierAV1gRsd/gE="},"chainType":1,"messageKeys":{}}}}},"version":"v1"}