{"_sessions":{"BY8/96trEuAoWhCSvPl5nCYngxv75VLRI4JDcC2uiN9V":{"registrationId":23,"currentRatchet":{"ephemeralKeyPair":{"pubKey":"BYM27ipjpp/iEjF09KdxTbAxgyt16zXVzU5QUt4BX0MP","privKey":"kPNXQGeNsvNfiUjZLegF2jLQcWYKYmIKEi0NJoaJLFw="},"lastRemoteEphemeralKey":"BUVLAr1e/P4Mqt9KXVG6S5iLH2EMvmjwrk8QtnDVgwVH","previousCounter":0,"rootKey":"DT9bEHgVClwo/Obc4cY7XllWHufN81tCk2rxcS7LaCc="},"indexInfo":{"baseKey":"BY8/96trEuAoWhCSvPl5nCYngxv75VLRI4JDcC2uiN9V","baseKeyType":1,"closed":1728965672103,"used":1728964465482,"created":1728964465482,"remoteIdentityKey":"BedBQM9t6XevIebqgecD5vq+ox4T90imONqb+K+85E49"},"_chains":{"BYM27ipjpp/iEjF09KdxTbAxgyt16zXVzU5QUt4BX0MP":{"chainKey":{"counter":2,"key":"bBQKcxfc4jKPMsqXX8yvv3v49tk14llK9CW8b9rKT6g="},"chainType":1,"messageKeys":{}}},"pendingPreKey":{"signedKeyId":1,"baseKey":"BY8/96trEuAoWhCSvPl5nCYngxv75VLRI4JDcC2uiN9V","preKeyId":621}},"BWBYDlgIBVlLpShKVTsVLyZMRuMeUPkk81F0n0C1EOcj":{"registrationId":23,"currentRatchet":{"ephemeralKeyPair":{"pubKey":"BRRS+TowdH35VsrCjurKuWpD21TzMNrQTwFUatqR5bQF","privKey":"yB3Fp1ZnhFw8volepIZOWGp1FZgu6zKIDn774nHYcXY="},"lastRemoteEphemeralKey":"BUVLAr1e/P4Mqt9KXVG6S5iLH2EMvmjwrk8QtnDVgwVH","previousCounter":0,"rootKey":"5yW7XXSyz1a4cCruH9nr5cGmYEjCfFkn7sicW6f4nek="},"indexInfo":{"baseKey":"BWBYDlgIBVlLpShKVTsVLyZMRuMeUPkk81F0n0C1EOcj","baseKeyType":1,"closed":1728970475732,"used":1728965672095,"created":1728965672095,"remoteIdentityKey":"BedBQM9t6XevIebqgecD5vq+ox4T90imONqb+K+85E49"},"_chains":{"BRRS+TowdH35VsrCjurKuWpD21TzMNrQTwFUatqR5bQF":{"chainKey":{"counter":37,"key":"EjpsSTlcsB74CAIKKzOat1AdSEwd2s6WyDCZhQwk6MY="},"chainType":1,"messageKeys":{}}},"pendingPreKey":{"signedKeyId":1,"baseKey":"BWBYDlgIBVlLpShKVTsVLyZMRuMeUPkk81F0n0C1EOcj","preKeyId":637}},"BaaeIwsEA7UDmyvqTn+9Dfom30d2sGkyOboHoY0nvGUh":{"registrationId":23,"currentRatchet":{"ephemeralKeyPair":{"pubKey":"BaqHsdZ+nrfnD5tH+n2NAKuup++wv7Ewc2Twm+RMRMZt","privKey":"YLVtgrcX6Ix+tfnjQVv0Flu15YRbm9bPqKPWPNSvWns="},"lastRemoteEphemeralKey":"BUVLAr1e/P4Mqt9KXVG6S5iLH2EMvmjwrk8QtnDVgwVH","previousCounter":0,"rootKey":"Uflp/Q1PYwtmkUAW8RyeCoo6mcfV2B2zFauck52bZ/4="},"indexInfo":{"baseKey":"BaaeIwsEA7UDmyvqTn+9Dfom30d2sGkyOboHoY0nvGUh","baseKeyType":1,"closed":1728970477000,"used":1728970475719,"created":1728970475719,"remoteIdentityKey":"BedBQM9t6XevIebqgecD5vq+ox4T90imONqb+K+85E49"},"_chains":{"BaqHsdZ+nrfnD5tH+n2NAKuup++wv7Ewc2Twm+RMRMZt":{"chainKey":{"counter":0,"key":"KIa8dnMFvNOJCM+Xm6oB5Gm7A3QTtB8zxaxbilPCUVg="},"chainType":1,"messageKeys":{}}},"pendingPreKey":{"signedKeyId":1,"baseKey":"BaaeIwsEA7UDmyvqTn+9Dfom30d2sGkyOboHoY0nvGUh","preKeyId":619}},"Bflrrd8lDOgpGhroU55+us8FrZh5ZVtbe2x+sgOodJJK":{"registrationId":23,"currentRatchet":{"ephemeralKeyPair":{"pubKey":"Bao5CLFowicM72OychrsoWkpMZcCgNq7UktOPDyXgMIR","privKey":"0G+Ghk9IHoTU0YR0fzoRGgjnyKHw6REQ8Y3f1JD8ZXI="},"lastRemoteEphemeralKey":"BUVLAr1e/P4Mqt9KXVG6S5iLH2EMvmjwrk8QtnDVgwVH","previousCounter":0,"rootKey":"c3W6k/OteAGHhgz5SCMG4eIxOfdJwgVfFvwJAftLacA="},"indexInfo":{"baseKey":"Bflrrd8lDOgpGhroU55+us8FrZh5ZVtbe2x+sgOodJJK","baseKeyType":1,"closed":1728970478281,"used":1728970476991,"created":1728970476991,"remoteIdentityKey":"BedBQM9t6XevIebqgecD5vq+ox4T90imONqb+K+85E49"},"_chains":{"Bao5CLFowicM72OychrsoWkpMZcCgNq7UktOPDyXgMIR":{"chainKey":{"counter":0,"key":"J/s4NDmMJsvxHMakO3+rBRGgzAf4ugL3Bn7OCD1UrAM="},"chainType":1,"messageKeys":{}}},"pendingPreKey":{"signedKeyId":1,"baseKey":"Bflrrd8lDOgpGhroU55+us8FrZh5ZVtbe2x+sgOodJJK","preKeyId":616}},"BYNMYzLgbTaWM3/UDUm6AYMwfLePUfUQ3UgRhv5VeJQP":{"registrationId":23,"currentRatchet":{"ephemeralKeyPair":{"pubKey":"BZXfPCcHFp+rPhuVEgy/sh+R4pucEIUDELc0seSqCF49","privKey":"aIys4IIVOkl+4384ClZlSszu3OLJtvR18I/CBJfJdWY="},"lastRemoteEphemeralKey":"BUVLAr1e/P4Mqt9KXVG6S5iLH2EMvmjwrk8QtnDVgwVH","previousCounter":0,"rootKey":"qh0KhVvkw02vOq8EVMn6Yk0GP57vMzt6bhlwrL36AN4="},"indexInfo":{"baseKey":"BYNMYzLgbTaWM3/UDUm6AYMwfLePUfUQ3UgRhv5VeJQP","baseKeyType":1,"closed":1728970479524,"used":1728970478275,"created":1728970478275,"remoteIdentityKey":"BedBQM9t6XevIebqgecD5vq+ox4T90imONqb+K+85E49"},"_chains":{"BZXfPCcHFp+rPhuVEgy/sh+R4pucEIUDELc0seSqCF49":{"chainKey":{"counter":0,"key":"sHHZ6nPslGr/jBOJHWNKH7u0TDyVKg8F+icC2ANypX8="},"chainType":1,"messageKeys":{}}},"pendingPreKey":{"signedKeyId":1,"baseKey":"BYNMYzLgbTaWM3/UDUm6AYMwfLePUfUQ3UgRhv5VeJQP","preKeyId":644}},"BY6FGQtzCBtXCYi/Ozat/mR/ak8GkLO7AGqbOFFxYoJH":{"registrationId":23,"currentRatchet":{"ephemeralKeyPair":{"pubKey":"BQHXpd8yI9ZDMREkZt0myHm2jFm1CRF6+wRM50FBEw1K","privKey":"kGcQjopKle5nXcwqfV8HyakztD9kzM1+wNl2Iinfl00="},"lastRemoteEphemeralKey":"BUVLAr1e/P4Mqt9KXVG6S5iLH2EMvmjwrk8QtnDVgwVH","previousCounter":0,"rootKey":"HTwP8oryMfRJctK7iwo7TYpXCw++7UuG7rdtajw721A="},"indexInfo":{"baseKey":"BY6FGQtzCBtXCYi/Ozat/mR/ak8GkLO7AGqbOFFxYoJH","baseKeyType":1,"closed":1728970480774,"used":1728970479521,"created":1728970479521,"remoteIdentityKey":"BedBQM9t6XevIebqgecD5vq+ox4T90imONqb+K+85E49"},"_chains":{"BQHXpd8yI9ZDMREkZt0myHm2jFm1CRF6+wRM50FBEw1K":{"chainKey":{"counter":0,"key":"ew0DnSk0B3JkbJ86BjBO9I0G70+c3LW/nqSKH7/d2nY="},"chainType":1,"messageKeys":{}}},"pendingPreKey":{"signedKeyId":1,"baseKey":"BY6FGQtzCBtXCYi/Ozat/mR/ak8GkLO7AGqbOFFxYoJH","preKeyId":626}},"BfGk+qzI5wkdU5RPB+wW1ogVGpLwty/2huPH/2SYDeAD":{"registrationId":23,"currentRatchet":{"ephemeralKeyPair":{"pubKey":"BTFafrNQAo8JM9GSJm6nU9qqke1ZbrS5lgrUMVkgDfFt","privKey":"0MS8YEEM6CuUEKYDtDuvkCaFzDr73L5JNIkG4ZVACl0="},"lastRemoteEphemeralKey":"BUVLAr1e/P4Mqt9KXVG6S5iLH2EMvmjwrk8QtnDVgwVH","previousCounter":0,"rootKey":"hREfVwRYkdjwBIlzxPtNQkbtZ+WXmIGzyidZDVjPAww="},"indexInfo":{"baseKey":"BfGk+qzI5wkdU5RPB+wW1ogVGpLwty/2huPH/2SYDeAD","baseKeyType":1,"closed":1728971463869,"used":1728970480771,"created":1728970480771,"remoteIdentityKey":"BedBQM9t6XevIebqgecD5vq+ox4T90imONqb+K+85E49"},"_chains":{"BTFafrNQAo8JM9GSJm6nU9qqke1ZbrS5lgrUMVkgDfFt":{"chainKey":{"counter":4,"key":"RZC9l1iPCMGdmMJsLsY76O87+lfMgibT8hyiWn1//TY="},"chainType":1,"messageKeys":{}}},"pendingPreKey":{"signedKeyId":1,"baseKey":"BfGk+qzI5wkdU5RPB+wW1ogVGpLwty/2huPH/2SYDeAD","preKeyId":640}},"BRCSbORKgam6gHdGCMnMmdTUxpFdK0gyMp1dea3YyO0O":{"registrationId":23,"currentRatchet":{"ephemeralKeyPair":{"pubKey":"BS7VIWXNCLg7KJXZaMoTr5tLGGCcbVKFom9Cx/m4cAc0","privKey":"QJ/WiQg0QA4qWmhRlAK/0J0O+wxKRKm7eCwIPkUWzFs="},"lastRemoteEphemeralKey":"BUVLAr1e/P4Mqt9KXVG6S5iLH2EMvmjwrk8QtnDVgwVH","previousCounter":0,"rootKey":"uzNis0vmXvryVx8REG9HJnmyqv1Ib1p5LSsW/MLztVA="},"indexInfo":{"baseKey":"BRCSbORKgam6gHdGCMnMmdTUxpFdK0gyMp1dea3YyO0O","baseKeyType":1,"closed":-1,"used":1728971463864,"created":1728971463864,"remoteIdentityKey":"BedBQM9t6XevIebqgecD5vq+ox4T90imONqb+K+85E49"},"_chains":{"BS7VIWXNCLg7KJXZaMoTr5tLGGCcbVKFom9Cx/m4cAc0":{"chainKey":{"counter":10,"key":"ESVZNdheV+1Xo4l6AIj79ltkJLqdhJQ/+ta56NzVK+8="},"chainType":1,"messageKeys":{}}},"pendingPreKey":{"signedKeyId":1,"baseKey":"BRCSbORKgam6gHdGCMnMmdTUxpFdK0gyMp1dea3YyO0O","preKeyId":692}}},"version":"v1"}