{"_sessions":{"BSzr5LwIO4E7mzQ60CBUsWWDuLv/TKUGMnIQ4Gp74F1n":{"registrationId":12,"currentRatchet":{"ephemeralKeyPair":{"pubKey":"BQdQYqj8xbgp7t3IQGCQcAFTTBc4vhCn80IF0nM5yS0N","privKey":"2MBkXQoUUWbqaNbUHwE+cwoCAJf6few3sBt2mur4uE4="},"lastRemoteEphemeralKey":"Bdei1jlgI7rbptzNqf7m9HtsNeAomZAryTi6ZuZMeQcC","previousCounter":0,"rootKey":"2jN8UJu7AJgWt8QGSum2InumEFhvKoZ3dPPhpXUGAfc="},"indexInfo":{"baseKey":"BSzr5LwIO4E7mzQ60CBUsWWDuLv/TKUGMnIQ4Gp74F1n","baseKeyType":1,"closed":-1,"used":1728968703268,"created":1728968703268,"remoteIdentityKey":"BQUtAZRwtFo1kQREZjext9bU5BBAbsa1nZ5ALCu3ypMv"},"_chains":{"BQdQYqj8xbgp7t3IQGCQcAFTTBc4vhCn80IF0nM5yS0N":{"chainKey":{"counter":21,"key":"4Q7gBMrHg4S5to7Oail5GePjQF4MTunnXv8p/2Ls7dw="},"chainType":1,"messageKeys":{}}},"pendingPreKey":{"signedKeyId":1,"baseKey":"BSzr5LwIO4E7mzQ60CBUsWWDuLv/TKUGMnIQ4Gp74F1n","preKeyId":20}}},"version":"v1"}