{"_sessions":{"BQOcH9ay4qwzW2LCTOns/wAOQ6GlvKRmrrcb9YQQitRM":{"registrationId":1488180382,"currentRatchet":{"ephemeralKeyPair":{"pubKey":"BbUYCwbFtHsb/c0o8xLjAKlwks3U0JV0muB1QogCP+cZ","privKey":"WFBptRhC2VYgghGu0NU4ejPwadrJYxNSRO6TK/LYFkg="},"lastRemoteEphemeralKey":"BSKD5Dp8rRHrNDH2AdWTSlMc3/yH/lmoa88k+JzGmMwt","previousCounter":0,"rootKey":"IsJwH5u/hOSMiXtDtl4rjnLCvZa47zLinfkLrueGvxs="},"indexInfo":{"baseKey":"BQOcH9ay4qwzW2LCTOns/wAOQ6GlvKRmrrcb9YQQitRM","baseKeyType":2,"closed":-1,"used":1728971840869,"created":1728968544120,"remoteIdentityKey":"BSxCI96g0kAnfpjdTIwwFxJiZgA4VKfSuqR4z6bL3W5S"},"_chains":{"BfBedNsrOSRwSzlfPfmgtH2YWPP3bOqQlPN6QA5FjXI1":{"chainKey":{"counter":4},"chainType":2,"messageKeys":{}},"BcWv3VTs6tgy2a1mTwNHZFpQHCWe0luw0Vuaco4uMAwn":{"chainKey":{"counter":1},"chainType":2,"messageKeys":{}},"BYfhRULj2f+NAlYzqSsOcEf+bbRPDxcTBityMVXCLo0q":{"chainKey":{"counter":0},"chainType":2,"messageKeys":{}},"BazacZDjLlV/cOo45df8Mm9YtC4CI4qigpyG55Wfzw0I":{"chainKey":{"counter":0},"chainType":2,"messageKeys":{}},"BdKxB/u5jo3y+vcuEJ/UkpMLX8kuHun7xT9zL74TFbha":{"chainKey":{"counter":0},"chainType":2,"messageKeys":{}},"BRuuzIwgErTd+E7LRl0Nklw4vwqL1UwHP4expujb749f":{"chainKey":{"counter":0},"chainType":2,"messageKeys":{}},"BXnK8Wkca0PAYeLYE8LMF3aglWrpv11xkuN03Z5WVioh":{"chainKey":{"counter":0},"chainType":2,"messageKeys":{}},"BeioCuXFse5GRFZKgoQr3WgHYUcJRrZ4lDjCVdovCXBZ":{"chainKey":{"counter":0},"chainType":2,"messageKeys":{}},"BSjnUjwArzT6VY+H2eaEewy1SG/TcA5Vb5z6UvUp5OJo":{"chainKey":{"counter":1},"chainType":2,"messageKeys":{}},"BW7AnQh8D+yj4m0A9tc7dj6mvLsLJVw7nM7AhbXIgVxG":{"chainKey":{"counter":0},"chainType":2,"messageKeys":{}},"BQrCB3ADYep+Y/l2yHNKOraXY2bUqKxHozY6C2ug0+Ry":{"chainKey":{"counter":0},"chainType":2,"messageKeys":{}},"BTe/10slFnh6bH1YtekQzFTLojpmwKNm0RmDScGTiew3":{"chainKey":{"counter":0},"chainType":2,"messageKeys":{}},"BQ+l9yvfpF0+gd2vRf5Tz2Or37+RjyS000zPyPx8Kr49":{"chainKey":{"counter":0},"chainType":2,"messageKeys":{}},"BZwpyjSJxcWmzjNra5dsDqFTDQZA9b8n6WCm+hI/39JE":{"chainKey":{"counter":0},"chainType":2,"messageKeys":{}},"BYfw92YJYhK0MmrX3rC9wl0NOcAcI/iqpzYqf0sFgS8Q":{"chainKey":{"counter":0},"chainType":2,"messageKeys":{}},"Begj3Nlb1sMtNE5BuH9j/obwVEYGlMopQboIDbAojIgK":{"chainKey":{"counter":0},"chainType":2,"messageKeys":{}},"BXKvepTUxHbGMOMzvm9NMx/QZAXNM867mmhhOFKqKfYO":{"chainKey":{"counter":0},"chainType":2,"messageKeys":{}},"BbsB5gp8zInT7027s3vxzOGjQ4SWaiAlIr7gLS8XHLUe":{"chainKey":{"counter":0},"chainType":2,"messageKeys":{}},"BXJ6ePjSfxRDsV2SzB80m2ekRoQwAgSkvPaMgH3QiGEP":{"chainKey":{"counter":0},"chainType":2,"messageKeys":{}},"BVt00ZdkjiN8hBL/RNaWZiSU1a6jtFHDhet4wljmTBZa":{"chainKey":{"counter":0},"chainType":2,"messageKeys":{}},"BXCJPhgIHvNAaEgCqc5uiifBOs3f6u+eV2FWsQDmT6oZ":{"chainKey":{"counter":1},"chainType":2,"messageKeys":{}},"BSKD5Dp8rRHrNDH2AdWTSlMc3/yH/lmoa88k+JzGmMwt":{"chainKey":{"counter":0,"key":"MIBoEPVZIVNWL/IgpPyAQE4Xq0p2XGEYdf1cx/Gl86w="},"chainType":2,"messageKeys":{}},"BbUYCwbFtHsb/c0o8xLjAKlwks3U0JV0muB1QogCP+cZ":{"chainKey":{"counter":0,"key":"Ej8pY0QkziyKOZv0S6X2FwRMW1gdHx0Nk7MgBWoJCr4="},"chainType":1,"messageKeys":{}}}}},"version":"v1"}