{"_sessions":{"BfttoNt/UbeLNLXhXAx2O3sUo8GME3DHSzFwNyWICGBS":{"registrationId":173,"currentRatchet":{"ephemeralKeyPair":{"pubKey":"BSIPXqHMubWpXrnASvFpGxfYX441F+Nwz419aZK17bgc","privKey":"GO9zm/GKqO7Y7JSCSiyhE8cDzskVJo0Hokdtig0A/lw="},"lastRemoteEphemeralKey":"BQ+ALDOfFfu130v9rYFxGQRsiCm0/O9KaV6L3iLCDNJF","previousCounter":0,"rootKey":"sRh8oRt9wQ2dXPwZMxkrhIR9dmav6DSREsOa9sg2j1M="},"indexInfo":{"baseKey":"BfttoNt/UbeLNLXhXAx2O3sUo8GME3DHSzFwNyWICGBS","baseKeyType":1,"closed":-1,"used":1728968703257,"created":1728968703257,"remoteIdentityKey":"Bf844BQZiS4YYQ4GINhXeNB3KnkaKEGV2YmKAC6WHKdi"},"_chains":{"BSIPXqHMubWpXrnASvFpGxfYX441F+Nwz419aZK17bgc":{"chainKey":{"counter":21,"key":"RkU14LeD3uF5KqiM3uZnV847CBKAfgJNqTmWHIBRGUg="},"chainType":1,"messageKeys":{}}},"pendingPreKey":{"signedKeyId":1,"baseKey":"BfttoNt/UbeLNLXhXAx2O3sUo8GME3DHSzFwNyWICGBS"}}},"version":"v1"}