{"_sessions":{"BeiN/BEORQiTWDttGJcgti4TLP7cDxrVqu9Fvw30gUMs":{"registrationId":837553034,"currentRatchet":{"ephemeralKeyPair":{"pubKey":"BUrYDzGp7uIk3Vl8jzEnRuIxS6kvlSjoMuizpFgz1G99","privKey":"QO6opLdgiwKKT7GCu1JRr2vcFEFRWZUgrHTgMSWViXE="},"lastRemoteEphemeralKey":"BZA31F6GFYpHe1BFrekfxyu9DXGbIRMq44fhkeqbqhlS","previousCounter":0,"rootKey":"vxdiG1x6PVHUn2P5XLtCrYEC2YWq+Xq3snnWy51QzRs="},"indexInfo":{"baseKey":"BeiN/BEORQiTWDttGJcgti4TLP7cDxrVqu9Fvw30gUMs","baseKeyType":2,"closed":-1,"used":1728970267854,"created":1728970267854,"remoteIdentityKey":"BV80cDPKUxlnJ/yfAcqs/Aizk+iMItaaknA7CfgEt0h4"},"_chains":{"BZA31F6GFYpHe1BFrekfxyu9DXGbIRMq44fhkeqbqhlS":{"chainKey":{"counter":0,"key":"FdpJTfaOb1Mgf/Ko+WbnHG1rqFOTwvvZfXujTsQIqe4="},"chainType":2,"messageKeys":{}},"BUrYDzGp7uIk3Vl8jzEnRuIxS6kvlSjoMuizpFgz1G99":{"chainKey":{"counter":0,"key":"zppF+Jo5Zh0tCHbmp6MRnjVPsamGOORmna1wN32akkc="},"chainType":1,"messageKeys":{}}}}},"version":"v1"}